[
{
  "pk": 7, 
  "model": "data_manager.toc", 
  "fields": {
    "themes": [
      27, 
      30, 
      32, 
      34, 
      31, 
      33
    ], 
    "name": "ODFW Compass"
  }
},
{
  "pk": 27, 
  "model": "data_manager.toctheme", 
  "fields": {
    "layers": [
      450, 
      442, 
      448, 
      452, 
      451, 
      449, 
      453, 
      454, 
      455, 
      456, 
      457
    ], 
    "display_name": "Crucial Habitat Assessment", 
    "name": "ODFW Crucial Habitat", 
    "description": "ODFW Crucial Habitat"
  }
},
{
  "pk": 28, 
  "model": "data_manager.toctheme", 
  "fields": {
    "layers": [
      447
    ], 
    "display_name": "ODFW Data Layers", 
    "name": "ODFW Data Layers", 
    "description": "ODFW Data Layers"
  }
},
{
  "pk": 29, 
  "model": "data_manager.toctheme", 
  "fields": {
    "layers": [], 
    "display_name": "Partner Data Layers", 
    "name": "Partner Data Layers", 
    "description": "Partner Data Layers"
  }
},
{
  "pk": 30, 
  "model": "data_manager.toctheme", 
  "fields": {
    "layers": [
      458, 
      459
    ], 
    "display_name": "Fish", 
    "name": "Fish", 
    "description": "ODFW Fish-related Layers"
  }
},
{
  "pk": 31, 
  "model": "data_manager.toctheme", 
  "fields": {
    "layers": [
      460, 
      461, 
      472, 
      473, 
      474, 
      477
    ], 
    "display_name": "Base Data", 
    "name": "Base Data", 
    "description": "Base Compass Data"
  }
},
{
  "pk": 32, 
  "model": "data_manager.toctheme", 
  "fields": {
    "layers": [
      462, 
      463, 
      465, 
      464
    ], 
    "display_name": "Vector Control", 
    "name": "Vector Control", 
    "description": "Vector Control"
  }
},
{
  "pk": 33, 
  "model": "data_manager.toctheme", 
  "fields": {
    "layers": [
      447, 
      468, 
      469, 
      478, 
      475, 
      476, 
      466
    ], 
    "display_name": "Oregon Conservation Strategy", 
    "name": "Oregon Conservation Strategy", 
    "description": "Layers used for the 2015 Oregon Conservation Strategy Viewer"
  }
},
{
  "pk": 34, 
  "model": "data_manager.toctheme", 
  "fields": {
    "layers": [
      467, 
      470, 
      471
    ], 
    "display_name": "Wildlife", 
    "name": "Wildlife", 
    "description": "Wildlife related layers"
  }
},
{
  "pk": 442, 
  "model": "data_manager.layer", 
  "fields": {
    "layer_type": "XYZ", 
    "arc_rest_service_name": "ODFW_CHData_CompiledCH", 
    "bookmark": null, 
    "themes": [], 
    "compass_service_name": "", 
    "is_sublayer": false, 
    "compress_display": false, 
    "map_tiles": null, 
    "legend_subtitle": "", 
    "filterable": false, 
    "vector_graphic": "", 
    "kml": null, 
    "source": "http://tiles.arcgis.com/tiles/uUvqNMGPm7axC2dD/arcgis/rest/services/ODFW_CHOverview_CompiledCH/MapServer?f=pjson", 
    "lookup_table": [], 
    "proj": null, 
    "arc_rest_instance_id": "uUvqNMGPm7axC2dD", 
    "utfurl": "", 
    "data_download": "", 
    "metadata": "http://tiles2.arcgis.com/tiles/uUvqNMGPm7axC2dD/arcgis/rest/services/ODFW_CHOverview_CompiledCH/MapServer", 
    "opacity": 0.5, 
    "vector_color": "", 
    "attribute_event": "click", 
    "description": "Crucial Habitat Rank", 
    "attribute_fields": [], 
    "arc_rest_out_fields": "CH_Rank, Ter_Rank, Aq_Rank", 
    "vector_fill": null, 
    "arc_rest_data_layer": true, 
    "data_overview": null, 
    "slug_name": "compiled-crucial-habitat", 
    "summarize_to_grid": false, 
    "lookup_field": "", 
    "legend": null, 
    "shareable_url": true, 
    "name": "Compiled Crucial Habitat", 
    "data_source": "Oregon Conservation Strategy, ODFW", 
    "data_notes": "", 
    "compass_instance_id": "uUvqNMGPm7axC2dD", 
    "url": "http://tiles2.arcgis.com/tiles/uUvqNMGPm7axC2dD/arcgis/rest/services/ODFW_CHOverview_CompiledCH/MapServer/tile/${z}/${y}/${x}", 
    "proxy_url": false, 
    "arcgis_layers": "0", 
    "legend_title": "", 
    "sublayers": [], 
    "attribute_title": "", 
    "utfjsonp": false, 
    "layer_source": null, 
    "wms_slug": null
  }
},
{
  "pk": 447, 
  "model": "data_manager.layer", 
  "fields": {
    "layer_type": "Vector", 
    "arc_rest_service_name": "ODFW_Compass_Boundaries", 
    "bookmark": null, 
    "themes": [], 
    "compass_service_name": "ODFW_Compass_Boundaries", 
    "is_sublayer": false, 
    "compress_display": false, 
    "map_tiles": null, 
    "legend_subtitle": null, 
    "filterable": false, 
    "vector_graphic": null, 
    "kml": null, 
    "source": "http://services.arcgis.com/uUvqNMGPm7axC2dD/arcgis/rest/services/ODFW_Compass_Boundaries/FeatureServer/2?f=pjson", 
    "lookup_table": [], 
    "proj": "EPSG:3643", 
    "arc_rest_instance_id": "uUvqNMGPm7axC2dD", 
    "utfurl": null, 
    "data_download": "", 
    "metadata": "http://services.arcgis.com/uUvqNMGPm7axC2dD/arcgis/rest/services/ODFW_Compass_Boundaries/FeatureServer/2", 
    "opacity": 0.5, 
    "vector_color": null, 
    "attribute_event": "click", 
    "description": "ODFW Ecoregions", 
    "attribute_fields": [], 
    "arc_rest_out_fields": "ORNHP_NAME, ID", 
    "vector_fill": null, 
    "arc_rest_data_layer": true, 
    "data_overview": null, 
    "slug_name": "odfw-ecoregions", 
    "summarize_to_grid": false, 
    "lookup_field": null, 
    "legend": null, 
    "shareable_url": true, 
    "name": "ODFW Ecoregions", 
    "data_source": "ODFW", 
    "data_notes": "", 
    "compass_instance_id": "uUvqNMGPm7axC2dD", 
    "url": "/arcgis/uUvqNMGPm7axC2dD/arcgis/rest/services/ODFW_Compass_Boundaries/FeatureServer/2/query?geometry=%7B%22xmin%22%3A-13882776.537694%2C%22ymin%22%3A5140361.7152923%2C%22xmax%22%3A-12925173.44747%2C%22ymax%22%3A5825237.4886322%2C%22spatialReference%22%3A%7B%22wkid%22%3A102100%7D%7D&geometryType=esriGeometryEnvelope&spatialRel=esriSpatialRelIntersects&units=esriSRUnit_Meter&outFields=*&returnGeometry=true&f=pgeojson", 
    "proxy_url": false, 
    "arcgis_layers": "2", 
    "legend_title": null, 
    "sublayers": [], 
    "attribute_title": null, 
    "utfjsonp": false, 
    "layer_source": "featureserver", 
    "wms_slug": null
  }
},
{
  "pk": 448, 
  "model": "data_manager.layer", 
  "fields": {
    "layer_type": "XYZ", 
    "arc_rest_service_name": "ODFW_CHData_CompiledCH", 
    "bookmark": null, 
    "themes": [], 
    "compass_service_name": "ODFW_CHOverview_TerrestrialCH", 
    "is_sublayer": false, 
    "compress_display": false, 
    "map_tiles": null, 
    "legend_subtitle": null, 
    "filterable": false, 
    "vector_graphic": null, 
    "kml": null, 
    "source": "", 
    "lookup_table": [], 
    "proj": null, 
    "arc_rest_instance_id": "uUvqNMGPm7axC2dD", 
    "utfurl": null, 
    "data_download": "", 
    "metadata": "", 
    "opacity": 0.5, 
    "vector_color": null, 
    "attribute_event": "click", 
    "description": "Terrestrial Crucial Habitat Overview", 
    "attribute_fields": [], 
    "arc_rest_out_fields": "Ter_Rank", 
    "vector_fill": null, 
    "arc_rest_data_layer": true, 
    "data_overview": null, 
    "slug_name": "terrestrial-crucial-habitat", 
    "summarize_to_grid": false, 
    "lookup_field": null, 
    "legend": null, 
    "shareable_url": true, 
    "name": "Terrestrial Crucial Habitat", 
    "data_source": "", 
    "data_notes": "", 
    "compass_instance_id": "uUvqNMGPm7axC2dD", 
    "url": "http://tiles.arcgis.com/tiles/uUvqNMGPm7axC2dD/arcgis/rest/services/ODFW_CHOverview_TerrestrialCH/MapServer/tile/${z}/${y}/${x}", 
    "proxy_url": false, 
    "arcgis_layers": "0", 
    "legend_title": null, 
    "sublayers": [], 
    "attribute_title": null, 
    "utfjsonp": false, 
    "layer_source": "mapserver", 
    "wms_slug": null
  }
},
{
  "pk": 449, 
  "model": "data_manager.layer", 
  "fields": {
    "layer_type": "XYZ", 
    "arc_rest_service_name": "ODFW_CHData_TerrestrialSOC", 
    "bookmark": null, 
    "themes": [], 
    "compass_service_name": "ODFW_CHOverview_TerrestrialSOC", 
    "is_sublayer": false, 
    "compress_display": false, 
    "map_tiles": null, 
    "legend_subtitle": null, 
    "filterable": false, 
    "vector_graphic": null, 
    "kml": null, 
    "source": "http://tiles.arcgis.com/tiles/uUvqNMGPm7axC2dD/arcgis/rest/services/ODFW_CHOverview_TerrestrialSOC/MapServer?f=pjson", 
    "lookup_table": [], 
    "proj": null, 
    "arc_rest_instance_id": "uUvqNMGPm7axC2dD", 
    "utfurl": null, 
    "data_download": "", 
    "metadata": "http://tiles.arcgis.com/tiles/uUvqNMGPm7axC2dD/arcgis/rest/services/ODFW_CHOverview_TerrestrialSOC/MapServer", 
    "opacity": 0.5, 
    "vector_color": null, 
    "attribute_event": "click", 
    "description": "Terrestrial Species of Concern Overview", 
    "attribute_fields": [], 
    "arc_rest_out_fields": "Ter_SOC, Obs, SgGrs, GAP", 
    "vector_fill": null, 
    "arc_rest_data_layer": true, 
    "data_overview": null, 
    "slug_name": "terrestrial-species-of-concern", 
    "summarize_to_grid": false, 
    "lookup_field": null, 
    "legend": null, 
    "shareable_url": true, 
    "name": "Terrestrial Species of Concern", 
    "data_source": "ODFW", 
    "data_notes": "", 
    "compass_instance_id": "uUvqNMGPm7axC2dD", 
    "url": "http://tiles.arcgis.com/tiles/uUvqNMGPm7axC2dD/arcgis/rest/services/ODFW_CHOverview_TerrestrialSOC/MapServer/tile/${z}/${y}/${x}", 
    "proxy_url": false, 
    "arcgis_layers": "0", 
    "legend_title": null, 
    "sublayers": [], 
    "attribute_title": null, 
    "utfjsonp": false, 
    "layer_source": null, 
    "wms_slug": null
  }
},
{
  "pk": 450, 
  "model": "data_manager.layer", 
  "fields": {
    "layer_type": "XYZ", 
    "arc_rest_service_name": "ODFW_CHData_Wetlands", 
    "bookmark": null, 
    "themes": [], 
    "compass_service_name": "ODFW_CHOverview_Wetlands", 
    "is_sublayer": false, 
    "compress_display": false, 
    "map_tiles": null, 
    "legend_subtitle": null, 
    "filterable": false, 
    "vector_graphic": null, 
    "kml": null, 
    "source": "http://tiles.arcgis.com/tiles/uUvqNMGPm7axC2dD/arcgis/rest/services/ODFW_CHOverview_Wetlands/MapServer?f=pjson", 
    "lookup_table": [], 
    "proj": null, 
    "arc_rest_instance_id": "uUvqNMGPm7axC2dD", 
    "utfurl": null, 
    "data_download": "", 
    "metadata": "http://tiles.arcgis.com/tiles/uUvqNMGPm7axC2dD/arcgis/rest/services/ODFW_CHOverview_Wetlands/MapServer", 
    "opacity": 0.5, 
    "vector_color": null, 
    "attribute_event": "click", 
    "description": "Wetland and Riparian Areas Overview", 
    "attribute_fields": [], 
    "arc_rest_out_fields": "Wet_Rip", 
    "vector_fill": null, 
    "arc_rest_data_layer": true, 
    "data_overview": null, 
    "slug_name": "wetland-and-riparian-areas", 
    "summarize_to_grid": false, 
    "lookup_field": null, 
    "legend": null, 
    "shareable_url": true, 
    "name": "Wetland and Riparian Areas", 
    "data_source": "ODFW", 
    "data_notes": "", 
    "compass_instance_id": "uUvqNMGPm7axC2dD", 
    "url": "http://tiles.arcgis.com/tiles/uUvqNMGPm7axC2dD/arcgis/rest/services/ODFW_CHOverview_Wetlands/MapServer/tile/${z}/${y}/${x}", 
    "proxy_url": false, 
    "arcgis_layers": "0", 
    "legend_title": null, 
    "sublayers": [], 
    "attribute_title": null, 
    "utfjsonp": false, 
    "layer_source": null, 
    "wms_slug": null
  }
},
{
  "pk": 451, 
  "model": "data_manager.layer", 
  "fields": {
    "layer_type": "XYZ", 
    "arc_rest_service_name": "ODFW_CHData_TerrestrialSERI", 
    "bookmark": null, 
    "themes": [], 
    "compass_service_name": "ODFW_CHOverview_TerrestrialSERI", 
    "is_sublayer": false, 
    "compress_display": false, 
    "map_tiles": null, 
    "legend_subtitle": null, 
    "filterable": false, 
    "vector_graphic": null, 
    "kml": null, 
    "source": "http://tiles.arcgis.com/tiles/uUvqNMGPm7axC2dD/arcgis/rest/services/ODFW_CHOverview_TerrestrialSERI/MapServer?f=pjson", 
    "lookup_table": [], 
    "proj": null, 
    "arc_rest_instance_id": "uUvqNMGPm7axC2dD", 
    "utfurl": null, 
    "data_download": "", 
    "metadata": "http://tiles.arcgis.com/tiles/uUvqNMGPm7axC2dD/arcgis/rest/services/ODFW_CHOverview_TerrestrialSERI/MapServer", 
    "opacity": 0.5, 
    "vector_color": null, 
    "attribute_event": "click", 
    "description": "Terrestrial Species of Econ and Rec Importance Overview", 
    "attribute_fields": [], 
    "arc_rest_out_fields": "Ter_SERI, Deer, Elk, RM_Goat, BH_Sheep, Cougar, Bear, Beaver, Bobcat, Muskrat, Coyote, SootyGrs, DuskyGrs, CA_Quail, Chukar, HungarianP, Mtn_Quail, RngRffdGrs, RngNckdPhs, Waterfowl, Viewing", 
    "vector_fill": null, 
    "arc_rest_data_layer": true, 
    "data_overview": null, 
    "slug_name": "terrestrial-species-of-econ-and-rec-importance", 
    "summarize_to_grid": false, 
    "lookup_field": null, 
    "legend": null, 
    "shareable_url": true, 
    "name": "Terrestrial Species of Econ and Rec Importance", 
    "data_source": "ODFW", 
    "data_notes": "", 
    "compass_instance_id": "uUvqNMGPm7axC2dD", 
    "url": "http://tiles.arcgis.com/tiles/uUvqNMGPm7axC2dD/arcgis/rest/services/ODFW_CHOverview_TerrestrialSERI/MapServer/tile/${z}/${y}/${x}", 
    "proxy_url": false, 
    "arcgis_layers": "0", 
    "legend_title": null, 
    "sublayers": [], 
    "attribute_title": null, 
    "utfjsonp": false, 
    "layer_source": null, 
    "wms_slug": null
  }
},
{
  "pk": 452, 
  "model": "data_manager.layer", 
  "fields": {
    "layer_type": "XYZ", 
    "arc_rest_service_name": "ODFW_CHData_NatVegCommunities", 
    "bookmark": null, 
    "themes": [], 
    "compass_service_name": "ODFW_CHOverview_NatVegCommunities", 
    "is_sublayer": false, 
    "compress_display": false, 
    "map_tiles": null, 
    "legend_subtitle": null, 
    "filterable": false, 
    "vector_graphic": null, 
    "kml": null, 
    "source": "http://tiles.arcgis.com/tiles/uUvqNMGPm7axC2dD/arcgis/rest/services/ODFW_CHOverview_NatVegCommunities/MapServer?f=pjson", 
    "lookup_table": [], 
    "proj": null, 
    "arc_rest_instance_id": "uUvqNMGPm7axC2dD", 
    "utfurl": null, 
    "data_download": "", 
    "metadata": "http://tiles.arcgis.com/tiles/uUvqNMGPm7axC2dD/arcgis/rest/services/ODFW_CHOverview_NatVegCommunities/MapServer", 
    "opacity": 0.5, 
    "vector_color": null, 
    "attribute_event": "click", 
    "description": "Natural Vegitation Communities Overview", 
    "attribute_fields": [], 
    "arc_rest_out_fields": "Nat_Veg", 
    "vector_fill": null, 
    "arc_rest_data_layer": true, 
    "data_overview": null, 
    "slug_name": "natural-vegitation-communities", 
    "summarize_to_grid": false, 
    "lookup_field": null, 
    "legend": null, 
    "shareable_url": true, 
    "name": "Natural Vegitation Communities", 
    "data_source": "ODFW", 
    "data_notes": "", 
    "compass_instance_id": "uUvqNMGPm7axC2dD", 
    "url": "http://tiles.arcgis.com/tiles/uUvqNMGPm7axC2dD/arcgis/rest/services/ODFW_CHOverview_NatVegCommunities/MapServer/tile/${z}/${y}/${x}", 
    "proxy_url": false, 
    "arcgis_layers": "0", 
    "legend_title": null, 
    "sublayers": [], 
    "attribute_title": null, 
    "utfjsonp": false, 
    "layer_source": null, 
    "wms_slug": null
  }
},
{
  "pk": 453, 
  "model": "data_manager.layer", 
  "fields": {
    "layer_type": "XYZ", 
    "arc_rest_service_name": "ODFW_CHData_LargeNaturalAreas", 
    "bookmark": null, 
    "themes": [], 
    "compass_service_name": "ODFW_CHOverview_LargeNaturalAreas", 
    "is_sublayer": false, 
    "compress_display": false, 
    "map_tiles": null, 
    "legend_subtitle": null, 
    "filterable": false, 
    "vector_graphic": null, 
    "kml": null, 
    "source": "http://tiles.arcgis.com/tiles/uUvqNMGPm7axC2dD/arcgis/rest/services/ODFW_CHOverview_LargeNaturalAreas/MapServer?f=pjson", 
    "lookup_table": [], 
    "proj": null, 
    "arc_rest_instance_id": "uUvqNMGPm7axC2dD", 
    "utfurl": null, 
    "data_download": "", 
    "metadata": "http://tiles.arcgis.com/tiles/uUvqNMGPm7axC2dD/arcgis/rest/services/ODFW_CHOverview_LargeNaturalAreas/MapServer", 
    "opacity": 0.5, 
    "vector_color": null, 
    "attribute_event": "click", 
    "description": "Large Natural Areas Overview", 
    "attribute_fields": [], 
    "arc_rest_out_fields": "Intact_LS", 
    "vector_fill": null, 
    "arc_rest_data_layer": true, 
    "data_overview": null, 
    "slug_name": "large-natural-areas", 
    "summarize_to_grid": false, 
    "lookup_field": null, 
    "legend": null, 
    "shareable_url": true, 
    "name": "Large Natural Areas", 
    "data_source": "ODFW", 
    "data_notes": "", 
    "compass_instance_id": "uUvqNMGPm7axC2dD", 
    "url": "http://tiles.arcgis.com/tiles/uUvqNMGPm7axC2dD/arcgis/rest/services/ODFW_CHOverview_LargeNaturalAreas/MapServer/tile/${z}/${y}/${x}", 
    "proxy_url": false, 
    "arcgis_layers": "0", 
    "legend_title": null, 
    "sublayers": [], 
    "attribute_title": null, 
    "utfjsonp": false, 
    "layer_source": null, 
    "wms_slug": null
  }
},
{
  "pk": 454, 
  "model": "data_manager.layer", 
  "fields": {
    "layer_type": "XYZ", 
    "arc_rest_service_name": "ODFW_CHData_LandscapeConnectivity", 
    "bookmark": null, 
    "themes": [], 
    "compass_service_name": "ODFW_CHOverview_LandscapeConnectivity", 
    "is_sublayer": false, 
    "compress_display": false, 
    "map_tiles": null, 
    "legend_subtitle": null, 
    "filterable": false, 
    "vector_graphic": null, 
    "kml": null, 
    "source": "http://tiles.arcgis.com/tiles/uUvqNMGPm7axC2dD/arcgis/rest/services/ODFW_CHOverview_LandscapeConnectivity/MapServer?f=pjson", 
    "lookup_table": [], 
    "proj": null, 
    "arc_rest_instance_id": "uUvqNMGPm7axC2dD", 
    "utfurl": null, 
    "data_download": "", 
    "metadata": "http://tiles.arcgis.com/tiles/uUvqNMGPm7axC2dD/arcgis/rest/services/ODFW_CHOverview_LandscapeConnectivity/MapServer", 
    "opacity": 0.5, 
    "vector_color": null, 
    "attribute_event": "click", 
    "description": "Landscape Connectivity Overview", 
    "attribute_fields": [], 
    "arc_rest_out_fields": "LS_Corr", 
    "vector_fill": null, 
    "arc_rest_data_layer": true, 
    "data_overview": null, 
    "slug_name": "landscape-connectivity", 
    "summarize_to_grid": false, 
    "lookup_field": null, 
    "legend": null, 
    "shareable_url": true, 
    "name": "Landscape Connectivity", 
    "data_source": "ODFW", 
    "data_notes": "", 
    "compass_instance_id": "uUvqNMGPm7axC2dD", 
    "url": "http://tiles.arcgis.com/tiles/uUvqNMGPm7axC2dD/arcgis/rest/services/ODFW_CHOverview_LandscapeConnectivity/MapServer/tile/${z}/${y}/${x}", 
    "proxy_url": false, 
    "arcgis_layers": "0", 
    "legend_title": null, 
    "sublayers": [], 
    "attribute_title": null, 
    "utfjsonp": false, 
    "layer_source": null, 
    "wms_slug": null
  }
},
{
  "pk": 455, 
  "model": "data_manager.layer", 
  "fields": {
    "layer_type": "XYZ", 
    "arc_rest_service_name": "ODFW_CHData_AquaticCH", 
    "bookmark": null, 
    "themes": [], 
    "compass_service_name": "ODFW_CHOverview_AquaticCH", 
    "is_sublayer": false, 
    "compress_display": false, 
    "map_tiles": null, 
    "legend_subtitle": null, 
    "filterable": false, 
    "vector_graphic": null, 
    "kml": null, 
    "source": "http://tiles.arcgis.com/tiles/uUvqNMGPm7axC2dD/arcgis/rest/services/ODFW_CHOverview_AquaticCH/MapServer?f=pjson", 
    "lookup_table": [], 
    "proj": null, 
    "arc_rest_instance_id": "uUvqNMGPm7axC2dD", 
    "utfurl": null, 
    "data_download": "", 
    "metadata": "http://tiles.arcgis.com/tiles/uUvqNMGPm7axC2dD/arcgis/rest/services/ODFW_CHOverview_AquaticCH/MapServer", 
    "opacity": 0.5, 
    "vector_color": null, 
    "attribute_event": "click", 
    "description": "Aquatic Crucial Habitat Overview", 
    "attribute_fields": [], 
    "arc_rest_out_fields": "Aq_Rank, Aq_SOC, fH20_Int, ", 
    "vector_fill": null, 
    "arc_rest_data_layer": true, 
    "data_overview": null, 
    "slug_name": "aquatic-crucial-habitat", 
    "summarize_to_grid": false, 
    "lookup_field": null, 
    "legend": null, 
    "shareable_url": true, 
    "name": "Aquatic Crucial Habitat", 
    "data_source": "ODFW", 
    "data_notes": "", 
    "compass_instance_id": "uUvqNMGPm7axC2dD", 
    "url": "http://tiles.arcgis.com/tiles/uUvqNMGPm7axC2dD/arcgis/rest/services/ODFW_CHOverview_AquaticCH/MapServer/tile/${z}/${y}/${x}", 
    "proxy_url": false, 
    "arcgis_layers": "0", 
    "legend_title": null, 
    "sublayers": [], 
    "attribute_title": null, 
    "utfjsonp": false, 
    "layer_source": null, 
    "wms_slug": null
  }
},
{
  "pk": 456, 
  "model": "data_manager.layer", 
  "fields": {
    "layer_type": "XYZ", 
    "arc_rest_service_name": "ODFW_CHData_AquaticSOC", 
    "bookmark": null, 
    "themes": [], 
    "compass_service_name": "ODFW_CHOverview_AquaticSOC", 
    "is_sublayer": false, 
    "compress_display": false, 
    "map_tiles": null, 
    "legend_subtitle": null, 
    "filterable": false, 
    "vector_graphic": null, 
    "kml": null, 
    "source": "http://tiles.arcgis.com/tiles/uUvqNMGPm7axC2dD/arcgis/rest/services/ODFW_CHOverview_AquaticSOC/MapServer?f=pjson", 
    "lookup_table": [], 
    "proj": null, 
    "arc_rest_instance_id": "uUvqNMGPm7axC2dD", 
    "utfurl": null, 
    "data_download": "", 
    "metadata": "http://tiles.arcgis.com/tiles/uUvqNMGPm7axC2dD/arcgis/rest/services/ODFW_CHOverview_AquaticSOC/MapServer", 
    "opacity": 0.5, 
    "vector_color": null, 
    "attribute_event": "click", 
    "description": "Aquatic Species of Concern", 
    "attribute_fields": [], 
    "arc_rest_out_fields": "BVCat, Coho, CHF, CHS, STW, STS, Chum, Sockeye, Redband, Lahontan, BullTrout, Westslope, Estuary, CCT, WarnerSuck, LR_SN_Suck, War_Goo_TC, GL_Lamprey, GL_Sucker, ModocSucke, ML_Lamprey, Chewauc_TC, Guano_TC, AlvordChub, JC_Sucker, CA_Roach, LahontRSS, TahoeSuck, PitSculpin, MarSculpin, PitKlamBL, UppKlamLam, KlamRivLam, SlendSculp", 
    "vector_fill": null, 
    "arc_rest_data_layer": true, 
    "data_overview": null, 
    "slug_name": "aquatic-species-of-concern", 
    "summarize_to_grid": false, 
    "lookup_field": null, 
    "legend": null, 
    "shareable_url": true, 
    "name": "Aquatic Species of Concern", 
    "data_source": "ODFW", 
    "data_notes": "", 
    "compass_instance_id": "uUvqNMGPm7axC2dD", 
    "url": "http://tiles.arcgis.com/tiles/uUvqNMGPm7axC2dD/arcgis/rest/services/ODFW_CHOverview_AquaticSOC/MapServer/tile/${z}/${y}/${x}", 
    "proxy_url": false, 
    "arcgis_layers": "0", 
    "legend_title": null, 
    "sublayers": [], 
    "attribute_title": null, 
    "utfjsonp": false, 
    "layer_source": null, 
    "wms_slug": null
  }
},
{
  "pk": 457, 
  "model": "data_manager.layer", 
  "fields": {
    "layer_type": "XYZ", 
    "arc_rest_service_name": "ODFW_CHData_FreshwaterIntegrity", 
    "bookmark": null, 
    "themes": [], 
    "compass_service_name": "ODFW_CHOverview_FreshwaterIntegrity", 
    "is_sublayer": false, 
    "compress_display": false, 
    "map_tiles": null, 
    "legend_subtitle": null, 
    "filterable": false, 
    "vector_graphic": null, 
    "kml": null, 
    "source": "http://tiles.arcgis.com/tiles/uUvqNMGPm7axC2dD/arcgis/rest/services/ODFW_CHOverview_FreshwaterIntegrity/MapServer?f=pjson", 
    "lookup_table": [], 
    "proj": null, 
    "arc_rest_instance_id": "uUvqNMGPm7axC2dD", 
    "utfurl": null, 
    "data_download": "", 
    "metadata": "http://tiles.arcgis.com/tiles/uUvqNMGPm7axC2dD/arcgis/rest/services/ODFW_CHOverview_FreshwaterIntegrity/MapServer", 
    "opacity": 0.5, 
    "vector_color": null, 
    "attribute_event": "click", 
    "description": "Freshwater integrity", 
    "attribute_fields": [], 
    "arc_rest_out_fields": "fH20_Int", 
    "vector_fill": null, 
    "arc_rest_data_layer": true, 
    "data_overview": null, 
    "slug_name": "freshwater-integrity", 
    "summarize_to_grid": false, 
    "lookup_field": null, 
    "legend": null, 
    "shareable_url": true, 
    "name": "Freshwater Integrity", 
    "data_source": "ODFW", 
    "data_notes": "", 
    "compass_instance_id": "uUvqNMGPm7axC2dD", 
    "url": "http://tiles.arcgis.com/tiles/uUvqNMGPm7axC2dD/arcgis/rest/services/ODFW_CHOverview_FreshwaterIntegrity/MapServer/tile/${z}/${y}/${x}", 
    "proxy_url": false, 
    "arcgis_layers": "0", 
    "legend_title": null, 
    "sublayers": [], 
    "attribute_title": null, 
    "utfjsonp": false, 
    "layer_source": null, 
    "wms_slug": null
  }
},
{
  "pk": 458, 
  "model": "data_manager.layer", 
  "fields": {
    "layer_type": "Vector", 
    "arc_rest_service_name": "ODFW_FishPassageBarriers", 
    "bookmark": null, 
    "themes": [], 
    "compass_service_name": "ODFW_FishPassageBarriers", 
    "is_sublayer": false, 
    "compress_display": false, 
    "map_tiles": null, 
    "legend_subtitle": null, 
    "filterable": false, 
    "vector_graphic": null, 
    "kml": null, 
    "source": "", 
    "lookup_table": [], 
    "proj": "EPSG:3643", 
    "arc_rest_instance_id": "uUvqNMGPm7axC2dD", 
    "utfurl": null, 
    "data_download": "", 
    "metadata": "", 
    "opacity": 0.5, 
    "vector_color": null, 
    "attribute_event": "click", 
    "description": "Priority Fish Passage Barriers", 
    "attribute_fields": [], 
    "arc_rest_out_fields": "*", 
    "vector_fill": null, 
    "arc_rest_data_layer": true, 
    "data_overview": null, 
    "slug_name": "odfw-fish-passage-barriers-priority", 
    "summarize_to_grid": false, 
    "lookup_field": null, 
    "legend": null, 
    "shareable_url": true, 
    "name": "ODFW Fish Passage Barriers, Priority", 
    "data_source": "ODFW", 
    "data_notes": "", 
    "compass_instance_id": "uUvqNMGPm7axC2dD", 
    "url": "/arcgis/uUvqNMGPm7axC2dD/arcgis/rest/services/ODFW_FishPassageBarriers/FeatureServer/0/query?geometry=%7B%22xmin%22%3A-13882776.537694%2C%22ymin%22%3A5140361.7152923%2C%22xmax%22%3A-12925173.44747%2C%22ymax%22%3A5825237.4886322%2C%22spatialReference%22%3A%7B%22wkid%22%3A102100%7D%7D&geometryType=esriGeometryEnvelope&spatialRel=esriSpatialRelIntersects&units=esriSRUnit_Meter&outFields=*&returnGeometry=true&f=pgeojson", 
    "proxy_url": false, 
    "arcgis_layers": "0", 
    "legend_title": null, 
    "sublayers": [], 
    "attribute_title": null, 
    "utfjsonp": false, 
    "layer_source": "featureserver", 
    "wms_slug": null
  }
},
{
  "pk": 459, 
  "model": "data_manager.layer", 
  "fields": {
    "layer_type": "Vector", 
    "arc_rest_service_name": "ODFW_FishPassageBarriers", 
    "bookmark": null, 
    "themes": [], 
    "compass_service_name": "ODFW_FishPassageBarriers", 
    "is_sublayer": false, 
    "compress_display": false, 
    "map_tiles": null, 
    "legend_subtitle": null, 
    "filterable": false, 
    "vector_graphic": null, 
    "kml": null, 
    "source": "", 
    "lookup_table": [], 
    "proj": "EPSG:3643", 
    "arc_rest_instance_id": "uUvqNMGPm7axC2dD", 
    "utfurl": null, 
    "data_download": "", 
    "metadata": "", 
    "opacity": 0.5, 
    "vector_color": null, 
    "attribute_event": "click", 
    "description": "Complete Fish Passage Barriers", 
    "attribute_fields": [], 
    "arc_rest_out_fields": "*", 
    "vector_fill": null, 
    "arc_rest_data_layer": true, 
    "data_overview": null, 
    "slug_name": "odfw-fish-passage-barriers-complete", 
    "summarize_to_grid": false, 
    "lookup_field": null, 
    "legend": null, 
    "shareable_url": true, 
    "name": "ODFW Fish Passage Barriers, Complete", 
    "data_source": "ODFW", 
    "data_notes": "", 
    "compass_instance_id": "uUvqNMGPm7axC2dD", 
    "url": "/arcgis/uUvqNMGPm7axC2dD/arcgis/rest/services/ODFW_FishPassageBarriers/FeatureServer/1/query?geometry=%7B%22xmin%22%3A-13882776.537694%2C%22ymin%22%3A5140361.7152923%2C%22xmax%22%3A-12925173.44747%2C%22ymax%22%3A5825237.4886322%2C%22spatialReference%22%3A%7B%22wkid%22%3A102100%7D%7D&geometryType=esriGeometryEnvelope&spatialRel=esriSpatialRelIntersects&units=esriSRUnit_Meter&outFields=*&returnGeometry=true&f=pgeojson", 
    "proxy_url": false, 
    "arcgis_layers": "1", 
    "legend_title": null, 
    "sublayers": [], 
    "attribute_title": null, 
    "utfjsonp": false, 
    "layer_source": "featureserver", 
    "wms_slug": null
  }
},
{
  "pk": 460, 
  "model": "data_manager.layer", 
  "fields": {
    "layer_type": "Vector", 
    "arc_rest_service_name": "ODFW_Streams", 
    "bookmark": null, 
    "themes": [], 
    "compass_service_name": "ODFW_Streams", 
    "is_sublayer": false, 
    "compress_display": false, 
    "map_tiles": null, 
    "legend_subtitle": null, 
    "filterable": false, 
    "vector_graphic": null, 
    "kml": null, 
    "source": "", 
    "lookup_table": [], 
    "proj": "EPSG:3643", 
    "arc_rest_instance_id": "uUvqNMGPm7axC2dD", 
    "utfurl": null, 
    "data_download": "", 
    "metadata": "", 
    "opacity": 0.5, 
    "vector_color": null, 
    "attribute_event": "click", 
    "description": "Major Streams", 
    "attribute_fields": [], 
    "arc_rest_out_fields": "*", 
    "vector_fill": null, 
    "arc_rest_data_layer": true, 
    "data_overview": null, 
    "slug_name": "major-streams", 
    "summarize_to_grid": false, 
    "lookup_field": null, 
    "legend": null, 
    "shareable_url": true, 
    "name": "Major Streams", 
    "data_source": "ODFW", 
    "data_notes": "", 
    "compass_instance_id": "uUvqNMGPm7axC2dD", 
    "url": "/arcgis/uUvqNMGPm7axC2dD/arcgis/rest/services/ODFW_Streams/FeatureServer/0/query?geometry=%7B%22xmin%22%3A-13882776.537694%2C%22ymin%22%3A5140361.7152923%2C%22xmax%22%3A-12925173.44747%2C%22ymax%22%3A5825237.4886322%2C%22spatialReference%22%3A%7B%22wkid%22%3A102100%7D%7D&geometryType=esriGeometryEnvelope&spatialRel=esriSpatialRelIntersects&units=esriSRUnit_Meter&outFields=*&returnGeometry=true&f=pgeojson", 
    "proxy_url": false, 
    "arcgis_layers": "0", 
    "legend_title": null, 
    "sublayers": [], 
    "attribute_title": null, 
    "utfjsonp": false, 
    "layer_source": "featureserver", 
    "wms_slug": null
  }
},
{
  "pk": 461, 
  "model": "data_manager.layer", 
  "fields": {
    "layer_type": "Vector", 
    "arc_rest_service_name": "ODFW_Streams", 
    "bookmark": null, 
    "themes": [], 
    "compass_service_name": "ODFW_Streams", 
    "is_sublayer": false, 
    "compress_display": false, 
    "map_tiles": null, 
    "legend_subtitle": null, 
    "filterable": false, 
    "vector_graphic": null, 
    "kml": null, 
    "source": "", 
    "lookup_table": [], 
    "proj": "EPSG:3643", 
    "arc_rest_instance_id": "uUvqNMGPm7axC2dD", 
    "utfurl": null, 
    "data_download": "", 
    "metadata": "", 
    "opacity": 0.5, 
    "vector_color": null, 
    "attribute_event": "click", 
    "description": "Detailed Streams", 
    "attribute_fields": [], 
    "arc_rest_out_fields": "*", 
    "vector_fill": null, 
    "arc_rest_data_layer": true, 
    "data_overview": null, 
    "slug_name": "detailed-streams", 
    "summarize_to_grid": false, 
    "lookup_field": null, 
    "legend": null, 
    "shareable_url": true, 
    "name": "Detailed Streams", 
    "data_source": "ODFW", 
    "data_notes": "", 
    "compass_instance_id": "uUvqNMGPm7axC2dD", 
    "url": "/arcgis/uUvqNMGPm7axC2dD/arcgis/rest/services/ODFW_Streams/FeatureServer/1/query?geometry=%7B%22xmin%22%3A-13882776.537694%2C%22ymin%22%3A5140361.7152923%2C%22xmax%22%3A-12925173.44747%2C%22ymax%22%3A5825237.4886322%2C%22spatialReference%22%3A%7B%22wkid%22%3A102100%7D%7D&geometryType=esriGeometryEnvelope&spatialRel=esriSpatialRelIntersects&units=esriSRUnit_Meter&outFields=*&returnGeometry=true&f=pgeojson", 
    "proxy_url": false, 
    "arcgis_layers": "1", 
    "legend_title": null, 
    "sublayers": [], 
    "attribute_title": null, 
    "utfjsonp": false, 
    "layer_source": "featureserver", 
    "wms_slug": null
  }
},
{
  "pk": 462, 
  "model": "data_manager.layer", 
  "fields": {
    "layer_type": "Vector", 
    "arc_rest_service_name": "VectorControl", 
    "bookmark": null, 
    "themes": [], 
    "compass_service_name": "VectorControl", 
    "is_sublayer": false, 
    "compress_display": false, 
    "map_tiles": null, 
    "legend_subtitle": null, 
    "filterable": false, 
    "vector_graphic": null, 
    "kml": null, 
    "source": "http://services.arcgis.com/uUvqNMGPm7axC2dD/arcgis/rest/services/VectorControl/FeatureServer/0?f=pjson", 
    "lookup_table": [], 
    "proj": "EPSG:2992", 
    "arc_rest_instance_id": "uUvqNMGPm7axC2dD", 
    "utfurl": null, 
    "data_download": "", 
    "metadata": "http://services.arcgis.com/uUvqNMGPm7axC2dD/arcgis/rest/services/VectorControl/FeatureServer/0", 
    "opacity": 0.5, 
    "vector_color": null, 
    "attribute_event": "click", 
    "description": "Vector Control District Perimeters", 
    "attribute_fields": [], 
    "arc_rest_out_fields": "sde_GIS_orcnty24_AREA, PERIMETER, VCD_Name", 
    "vector_fill": null, 
    "arc_rest_data_layer": true, 
    "data_overview": null, 
    "slug_name": "vector-control-district-boundaries", 
    "summarize_to_grid": false, 
    "lookup_field": null, 
    "legend": null, 
    "shareable_url": true, 
    "name": "Vector Control: District Boundaries", 
    "data_source": "Vector Control District staff, Oregon Dept. of Fish and Wildlife", 
    "data_notes": "", 
    "compass_instance_id": "uUvqNMGPm7axC2dD", 
    "url": "/arcgis/uUvqNMGPm7axC2dD/arcgis/rest/services/VectorControl/FeatureServer/0/query?geometry=%7B%22xmin%22%3A-13882776.537694%2C%22ymin%22%3A5140361.7152923%2C%22xmax%22%3A-12925173.44747%2C%22ymax%22%3A5825237.4886322%2C%22spatialReference%22%3A%7B%22wkid%22%3A102100%7D%7D&geometryType=esriGeometryEnvelope&spatialRel=esriSpatialRelIntersects&units=esriSRUnit_Meter&outFields=*&returnGeometry=true&f=pgeojson", 
    "proxy_url": false, 
    "arcgis_layers": "0", 
    "legend_title": null, 
    "sublayers": [], 
    "attribute_title": null, 
    "utfjsonp": false, 
    "layer_source": "featureserver", 
    "wms_slug": null
  }
},
{
  "pk": 463, 
  "model": "data_manager.layer", 
  "fields": {
    "layer_type": "Vector", 
    "arc_rest_service_name": "VectorControl", 
    "bookmark": null, 
    "themes": [], 
    "compass_service_name": "VectorControl", 
    "is_sublayer": false, 
    "compress_display": false, 
    "map_tiles": null, 
    "legend_subtitle": null, 
    "filterable": false, 
    "vector_graphic": null, 
    "kml": null, 
    "source": "http://services.arcgis.com/uUvqNMGPm7axC2dD/arcgis/rest/services/VectorControl/FeatureServer/1?f=pjson", 
    "lookup_table": [], 
    "proj": "EPSG:2992", 
    "arc_rest_instance_id": "uUvqNMGPm7axC2dD", 
    "utfurl": null, 
    "data_download": "", 
    "metadata": "http://services.arcgis.com/uUvqNMGPm7axC2dD/arcgis/rest/services/VectorControl/FeatureServer/1", 
    "opacity": 0.5, 
    "vector_color": null, 
    "attribute_event": "click", 
    "description": "Vector Control: Wildlife Areas / Refuges", 
    "attribute_fields": [], 
    "arc_rest_out_fields": "Name, VCSA_Basis, VCSA_Source", 
    "vector_fill": null, 
    "arc_rest_data_layer": true, 
    "data_overview": null, 
    "slug_name": "vector-control-wildlife-areas-refuges", 
    "summarize_to_grid": false, 
    "lookup_field": null, 
    "legend": null, 
    "shareable_url": true, 
    "name": "Vector Control: Wildlife Areas / Refuges", 
    "data_source": "Oregon Department of Fish and Wildlife, US Fish and Wildlife Service", 
    "data_notes": "", 
    "compass_instance_id": "uUvqNMGPm7axC2dD", 
    "url": "/arcgis/uUvqNMGPm7axC2dD/arcgis/rest/services/VectorControl/FeatureServer/1/query?geometry=%7B%22xmin%22%3A-13882776.537694%2C%22ymin%22%3A5140361.7152923%2C%22xmax%22%3A-12925173.44747%2C%22ymax%22%3A5825237.4886322%2C%22spatialReference%22%3A%7B%22wkid%22%3A102100%7D%7D&geometryType=esriGeometryEnvelope&spatialRel=esriSpatialRelIntersects&units=esriSRUnit_Meter&outFields=*&returnGeometry=true&f=pgeojson", 
    "proxy_url": false, 
    "arcgis_layers": "1", 
    "legend_title": null, 
    "sublayers": [], 
    "attribute_title": null, 
    "utfjsonp": false, 
    "layer_source": "featureserver", 
    "wms_slug": null
  }
},
{
  "pk": 464, 
  "model": "data_manager.layer", 
  "fields": {
    "layer_type": "Vector", 
    "arc_rest_service_name": "VectorControl", 
    "bookmark": null, 
    "themes": [], 
    "compass_service_name": "VectorControl", 
    "is_sublayer": false, 
    "compress_display": false, 
    "map_tiles": null, 
    "legend_subtitle": null, 
    "filterable": false, 
    "vector_graphic": null, 
    "kml": null, 
    "source": "https://nrimp.dfw.state.or.us/DataClearinghouse/default.aspx?p=202&XMLname=1113.xml", 
    "lookup_table": [], 
    "proj": "EPSG:2992", 
    "arc_rest_instance_id": "uUvqNMGPm7axC2dD", 
    "utfurl": null, 
    "data_download": "https://nrimp.dfw.state.or.us/web%20stores/data%20libraries/files/ODFW/ODFW_1113_5_VC_URV_Habitats.zip", 
    "metadata": "http://services.arcgis.com/uUvqNMGPm7axC2dD/arcgis/rest/services/VectorControl/FeatureServer/2", 
    "opacity": 0.5, 
    "vector_color": null, 
    "attribute_event": "click", 
    "description": "Unique/Rare/Vulnerable Habitat", 
    "attribute_fields": [], 
    "arc_rest_out_fields": "*", 
    "vector_fill": null, 
    "arc_rest_data_layer": true, 
    "data_overview": null, 
    "slug_name": "vector-control-uniquerarevul-habitat", 
    "summarize_to_grid": false, 
    "lookup_field": null, 
    "legend": null, 
    "shareable_url": true, 
    "name": "Vector Control: Unique/Rare/Vul Habitat", 
    "data_source": "Oregon Dept. of Fish and Wildlife, US Fish and Wildlife Service", 
    "data_notes": "For vector control purposes, Unique, Rare, or Vulnerable habitats are significant habitat areas that are of local importance for their individual qualities or provide protection for a susceptible life history stage of fish or wildlife. Available Critical Habitat datasets were incorporated for species associated with wetlands and identified as a threatened or endangered \"Strategy Species\" in the Oregon Conservation Strategy. Other examples of unique, rare or vulnerable habitats may include but are not limited to: - vernal pools (also a wetland of concern) - rookeries, roosts, and nesting locations - grouse rearing areas (particularly during July/August) - band-tailed pigeon mineral springs - waterfowl breeding and nesting sites - areas of high concentrations of wildlife - calving areas - known locations for state or federal Threatened, Endangered, and Sensitive or candidate species, excluding rivers and streams - Oregon Conservation Strategy \u201cSpecialized and Local Habitats\u201d - mitigation sites or conservation easements These sites are identified to the extent possible based on the professional judgment and knowledge of local fish and wildlife biologists and updated as time allows. As this may not be a real-time list, each County or VCD is responsible for protecting locations covered by federal laws (e.g., raptor nests) that may not be listed by ODFW, should a federally-regulated site be encountered. ", 
    "compass_instance_id": "uUvqNMGPm7axC2dD", 
    "url": "/arcgis/uUvqNMGPm7axC2dD/arcgis/rest/services/VectorControl/FeatureServer/2/query?geometry=%7B%22xmin%22%3A-13882776.537694%2C%22ymin%22%3A5140361.7152923%2C%22xmax%22%3A-12925173.44747%2C%22ymax%22%3A5825237.4886322%2C%22spatialReference%22%3A%7B%22wkid%22%3A102100%7D%7D&geometryType=esriGeometryEnvelope&spatialRel=esriSpatialRelIntersects&units=esriSRUnit_Meter&outFields=*&returnGeometry=true&f=pgeojson", 
    "proxy_url": false, 
    "arcgis_layers": "2", 
    "legend_title": null, 
    "sublayers": [], 
    "attribute_title": null, 
    "utfjsonp": false, 
    "layer_source": "featureserver", 
    "wms_slug": null
  }
},
{
  "pk": 465, 
  "model": "data_manager.layer", 
  "fields": {
    "layer_type": "Vector", 
    "arc_rest_service_name": "VectorControl", 
    "bookmark": null, 
    "themes": [], 
    "compass_service_name": "VectorControl", 
    "is_sublayer": false, 
    "compress_display": false, 
    "map_tiles": null, 
    "legend_subtitle": null, 
    "filterable": false, 
    "vector_graphic": null, 
    "kml": null, 
    "source": "http://services.arcgis.com/uUvqNMGPm7axC2dD/arcgis/rest/services/VectorControl/FeatureServer/3?f=pjson", 
    "lookup_table": [], 
    "proj": "EPSG:2992", 
    "arc_rest_instance_id": "uUvqNMGPm7axC2dD", 
    "utfurl": null, 
    "data_download": "", 
    "metadata": "http://services.arcgis.com/uUvqNMGPm7axC2dD/arcgis/rest/services/VectorControl/FeatureServer/3", 
    "opacity": 0.5, 
    "vector_color": null, 
    "attribute_event": "click", 
    "description": "Wetlands of Concern", 
    "attribute_fields": [], 
    "arc_rest_out_fields": "VCSA_Basis, VCSA_Source, VCSA_DateLastUpdated", 
    "vector_fill": null, 
    "arc_rest_data_layer": true, 
    "data_overview": null, 
    "slug_name": "vector-control-wetlands-of-concern", 
    "summarize_to_grid": false, 
    "lookup_field": null, 
    "legend": null, 
    "shareable_url": true, 
    "name": "Vector Control: Wetlands of Concern", 
    "data_source": "https://nrimp.dfw.state.or.us/web%20stores/data%20libraries/files/ODFW/ODFW_1113_5_VC_URV_Habitats.zip", 
    "data_notes": "For vector control purposes, ODFW identified wetland types that have a greater conservation concern or are naturally rare. ODFW understands that VCDs treat all wetlands with care and has identified a subset of wetlands across the State to receive an additional level of consideration when being treated for mosquitoes. ODFW relied on the Department of State Lands\u2019 (DSL) definition of Wetlands of Conservation Concern (Appendix E in ODFW's Vector Control Guidance for Sensitive Areas) as well as a selection of wetlands with high conservation significance, as identified by the Wetland Restoration Planning Tool on the Oregon Wetlands Explorer. This tool was jointly developed by The Wetlands Conservancy and the Institute for Natural Resources. Wetlands with high conservation significance are those identified with the highest conservation value scores, as determined by the Wetland Restoration Planning Tool. The tool scores wetlands for their current conservation value, summarizing geospatial factors such as: - Proximity (100 ft.) to DSL-designated Essential Salmonid Habitat. - Occurrence in or 100-ft proximity to USFWS-designated Critical Habitat or within known habitat of USFWS or ODFW-listed or sensitive wetland-dependent species. - Within or adjacent to designated critical habitat and modeled habitat for USFWS or ODFW-listed species. - Proximity (300 ft) to a hot spring. - Occurrence in an ODFW-designated Conservation Opportunity Area with wetlands or riparian areas designated as a key habitat. - Occurrence in DSL-designated Wetland of Conservation Concern (formerly Special Area of Concern, SAC). As a starting point in mapping Wetlands of Concern, ODFW chose a subset of wetlands mapped in the Wetland Explorer with a conservation significance of \u226570. ODFW also removed a category identified as \"Potentially Restorable Wetlands\". Source wetland data can be accessed at: http://oe.oregonexplorer.info/wetlands/restoration/ As this may not be a real-time list, each County or VCD is responsible for protecting locations covered by federal laws (e.g., raptor nests) that may not be listed by ODFW, should a federally-regulated site be encountered. Not all wetlands are mapped. The map displays only those wetlands of high conservation significance, as determined from a wetland prioritization model. Wetland boundaries are derived from National Wetland Inventory and other sources. Many of the wetland polygons were derived only from aerial photo interpretation and may or may not meet wetland criteria in the field.", 
    "compass_instance_id": "uUvqNMGPm7axC2dD", 
    "url": "/arcgis/uUvqNMGPm7axC2dD/arcgis/rest/services/VectorControl/FeatureServer/3/query?geometry=%7B%22xmin%22%3A-13882776.537694%2C%22ymin%22%3A5140361.7152923%2C%22xmax%22%3A-12925173.44747%2C%22ymax%22%3A5825237.4886322%2C%22spatialReference%22%3A%7B%22wkid%22%3A102100%7D%7D&geometryType=esriGeometryEnvelope&spatialRel=esriSpatialRelIntersects&units=esriSRUnit_Meter&outFields=*&returnGeometry=true&f=pgeojson", 
    "proxy_url": false, 
    "arcgis_layers": "3", 
    "legend_title": null, 
    "sublayers": [], 
    "attribute_title": null, 
    "utfjsonp": false, 
    "layer_source": "featureserver", 
    "wms_slug": null
  }
},
{
  "pk": 466, 
  "model": "data_manager.layer", 
  "fields": {
    "layer_type": "Vector", 
    "arc_rest_service_name": "ODFW_ConservationOpportunityAreas", 
    "bookmark": null, 
    "themes": [], 
    "compass_service_name": "ODFW_ConservationOpportunityAreas", 
    "is_sublayer": false, 
    "compress_display": false, 
    "map_tiles": null, 
    "legend_subtitle": null, 
    "filterable": false, 
    "vector_graphic": null, 
    "kml": null, 
    "source": "http://services.arcgis.com/uUvqNMGPm7axC2dD/arcgis/rest/services/ODFW_ConservationOpportunityAreas/FeatureServer/0?f=pjson", 
    "lookup_table": [], 
    "proj": "EPSG:3643", 
    "arc_rest_instance_id": "uUvqNMGPm7axC2dD", 
    "utfurl": null, 
    "data_download": "", 
    "metadata": "http://services.arcgis.com/uUvqNMGPm7axC2dD/arcgis/rest/services/ODFW_ConservationOpportunityAreas/FeatureServer/0", 
    "opacity": 0.5, 
    "vector_color": null, 
    "attribute_event": "click", 
    "description": "Conservation Opportunity Areas", 
    "attribute_fields": [], 
    "arc_rest_out_fields": "NAME, COA_ID, ECOREGION, SqMiles", 
    "vector_fill": null, 
    "arc_rest_data_layer": true, 
    "data_overview": null, 
    "slug_name": "odfw-conservation-opportunity-areas", 
    "summarize_to_grid": false, 
    "lookup_field": null, 
    "legend": null, 
    "shareable_url": true, 
    "name": "ODFW Conservation Opportunity Areas", 
    "data_source": "ODFW", 
    "data_notes": "Conservation Opportunity Areas were developed for the Oregon Conservation Strategy to help identify priority areas for conservation actions that directly benefit wildlife and habitats.", 
    "compass_instance_id": "uUvqNMGPm7axC2dD", 
    "url": "/arcgis/uUvqNMGPm7axC2dD/arcgis/rest/services/ODFW_ConservationOpportunityAreas/FeatureServer/0/query?geometry=%7B%22xmin%22%3A-13882776.537694%2C%22ymin%22%3A5140361.7152923%2C%22xmax%22%3A-12925173.44747%2C%22ymax%22%3A5825237.4886322%2C%22spatialReference%22%3A%7B%22wkid%22%3A102100%7D%7D&geometryType=esriGeometryEnvelope&spatialRel=esriSpatialRelIntersects&units=esriSRUnit_Meter&outFields=*&returnGeometry=true&f=pgeojson", 
    "proxy_url": false, 
    "arcgis_layers": "0", 
    "legend_title": null, 
    "sublayers": [], 
    "attribute_title": null, 
    "utfjsonp": false, 
    "layer_source": "featureserver", 
    "wms_slug": null
  }
},
{
  "pk": 467, 
  "model": "data_manager.layer", 
  "fields": {
    "layer_type": "Vector", 
    "arc_rest_service_name": "ODFW_SageGrouseCoreAreas", 
    "bookmark": null, 
    "themes": [], 
    "compass_service_name": "ODFW_SageGrouseCoreAreas", 
    "is_sublayer": false, 
    "compress_display": false, 
    "map_tiles": null, 
    "legend_subtitle": null, 
    "filterable": false, 
    "vector_graphic": null, 
    "kml": null, 
    "source": "http://services.arcgis.com/uUvqNMGPm7axC2dD/arcgis/rest/services/ODFW_SageGrouseCoreAreas/FeatureServer/0?f=pjson", 
    "lookup_table": [], 
    "proj": "EPSG:3643", 
    "arc_rest_instance_id": "uUvqNMGPm7axC2dD", 
    "utfurl": null, 
    "data_download": "", 
    "metadata": "http://services.arcgis.com/uUvqNMGPm7axC2dD/arcgis/rest/services/ODFW_SageGrouseCoreAreas/FeatureServer/0", 
    "opacity": 0.5, 
    "vector_color": null, 
    "attribute_event": "click", 
    "description": "Sage-Grouse Core Areas", 
    "attribute_fields": [], 
    "arc_rest_out_fields": "Final_core, Acres, SqMiles", 
    "vector_fill": null, 
    "arc_rest_data_layer": true, 
    "data_overview": null, 
    "slug_name": "odfw-sage-grouse-core-areas", 
    "summarize_to_grid": false, 
    "lookup_field": null, 
    "legend": null, 
    "shareable_url": true, 
    "name": "ODFW Sage-Grouse Core Areas", 
    "data_source": "ODFW", 
    "data_notes": "Core Area Approach to Habitat Mitigation for Greater Sage-Grouse in Oregon: The goal of these recommendations is to protect essential habitats to meet habitat and population objectives identified in this Plan. The objective of these recommendations is to avoid, minimize, or mitigate for impacts on sage-grouse habitats from energy development, its associated infrastructure or other industrial/commercial developments. The rapid increase in energy development across the West in recent years has initiated a landscape approach to wildlife conservation, referred to as core areas (Doherty et al. in press). The landscape approach prioritizes habitats based on measures that assess sage-grouse population and habitat relative abundance, and provides protection for a minimum of 75% of the population. The remaining 25% of the population area would be available for development with some level of stipulations and regulations, but likely at a reduced level. The strength of this approach is that it uses biological information to identify core areas with the objective of protecting the most important breeding areas. It also enables managers, at the landscape scale, to map and analyze the risks and necessary conservation measures for each core area. The limitation of this approach is that it focuses on breeding abundances. For sage-grouse the relative abundance data is drawn from spring lek counts of males. Thus, habitat conservation measures may be biased towards breeding and nesting only. Lek data have limitations as well including: variable sampling effort both spatially and temporally and detection probabilities have not been estimated for ground or aerial counts. Notwithstanding, these are the best data available for mapping sage-grouse distributions. Because the method outlined by Doherty et al. (in press) focuses on breeding habitats and ODFWs lek data is prone to variable sampling, an additional and complementary method was used to approximate seasonal use ranges, referred to as connectivity corridors. Using a home range estimator local and seasonal connectivity corridors were estimated. Thus, it is important to clarify some definitions about the mapping approach in Oregon. This document refers to Doherty's \"core areas\" (i.e., 25, 50, 75, 100%) as lek density strata. Lek density 25-75% polygons and the intersection of 100% strata and local connectivity polygons collectively define a \"core area.\"", 
    "compass_instance_id": "uUvqNMGPm7axC2dD", 
    "url": "/arcgis/uUvqNMGPm7axC2dD/arcgis/rest/services/ODFW_SageGrouseCoreAreas/FeatureServer/0/query?geometry=%7B%22xmin%22%3A-13882776.537694%2C%22ymin%22%3A5140361.7152923%2C%22xmax%22%3A-12925173.44747%2C%22ymax%22%3A5825237.4886322%2C%22spatialReference%22%3A%7B%22wkid%22%3A102100%7D%7D&geometryType=esriGeometryEnvelope&spatialRel=esriSpatialRelIntersects&units=esriSRUnit_Meter&outFields=*&returnGeometry=true&f=pgeojson", 
    "proxy_url": false, 
    "arcgis_layers": "0", 
    "legend_title": null, 
    "sublayers": [], 
    "attribute_title": null, 
    "utfjsonp": false, 
    "layer_source": "featureserver", 
    "wms_slug": null
  }
},
{
  "pk": 468, 
  "model": "data_manager.layer", 
  "fields": {
    "layer_type": "Vector", 
    "arc_rest_service_name": "ODFW_WildlifeLinkages", 
    "bookmark": null, 
    "themes": [], 
    "compass_service_name": "ODFW_WildlifeLinkages", 
    "is_sublayer": false, 
    "compress_display": false, 
    "map_tiles": null, 
    "legend_subtitle": null, 
    "filterable": false, 
    "vector_graphic": null, 
    "kml": null, 
    "source": "https://nrimp.dfw.state.or.us/DataClearinghouse/default.aspx?p=202&XMLname=806.xml", 
    "lookup_table": [], 
    "proj": "EPSG:3643", 
    "arc_rest_instance_id": "uUvqNMGPm7axC2dD", 
    "utfurl": null, 
    "data_download": "https://nrimp.dfw.state.or.us/web%20stores/data%20libraries/files/ODFW/ODFW_806_5_wildlife_linkages_shp.zip", 
    "metadata": "http://services.arcgis.com/uUvqNMGPm7axC2dD/arcgis/rest/services/ODFW_WildlifeLinkages/FeatureServer/0", 
    "opacity": 0.5, 
    "vector_color": null, 
    "attribute_event": "click", 
    "description": "ODFW Wildlife Linkage Buffers", 
    "attribute_fields": [], 
    "arc_rest_out_fields": "SpecGroup, Species", 
    "vector_fill": null, 
    "arc_rest_data_layer": true, 
    "data_overview": null, 
    "slug_name": "odfw-wildlife-likage-buffers", 
    "summarize_to_grid": false, 
    "lookup_field": null, 
    "legend": null, 
    "shareable_url": true, 
    "name": "ODFW Wildlife Likage Buffers", 
    "data_source": "ODFW", 
    "data_notes": "The Oregon Department of Fish and Wildlife, under the Oregon Wildlife Movement Strategy and in partnership with other government agencies, has worked to produce this dataset of wildlife linkages, which are key movement areas for wildlife, emphasizing areas that cross paved roads. The primary goal of this dataset and its related attributes are to address the question: \"Where is the best place on the landscape to provide for animal movement needs that are essential to life history function?\" More information, and a link to download this data, can be found at: https://nrimp.dfw.state.or.us/DataClearinghouse/default.aspx?p=202&XMLname=806.xml", 
    "compass_instance_id": "uUvqNMGPm7axC2dD", 
    "url": "/arcgis/uUvqNMGPm7axC2dD/arcgis/rest/services/ODFW_WildlifeLinkages/FeatureServer/0/query?geometry=%7B%22xmin%22%3A-13882776.537694%2C%22ymin%22%3A5140361.7152923%2C%22xmax%22%3A-12925173.44747%2C%22ymax%22%3A5825237.4886322%2C%22spatialReference%22%3A%7B%22wkid%22%3A102100%7D%7D&geometryType=esriGeometryEnvelope&spatialRel=esriSpatialRelIntersects&units=esriSRUnit_Meter&outFields=*&returnGeometry=true&f=pgeojson", 
    "proxy_url": false, 
    "arcgis_layers": "0", 
    "legend_title": null, 
    "sublayers": [], 
    "attribute_title": null, 
    "utfjsonp": false, 
    "layer_source": "featureserver", 
    "wms_slug": null
  }
},
{
  "pk": 469, 
  "model": "data_manager.layer", 
  "fields": {
    "layer_type": "Vector", 
    "arc_rest_service_name": "ODFW_WildlifeLinkages", 
    "bookmark": null, 
    "themes": [], 
    "compass_service_name": "ODFW_WildlifeLinkages", 
    "is_sublayer": false, 
    "compress_display": false, 
    "map_tiles": null, 
    "legend_subtitle": null, 
    "filterable": false, 
    "vector_graphic": null, 
    "kml": null, 
    "source": "https://nrimp.dfw.state.or.us/DataClearinghouse/default.aspx?p=202&XMLname=806.xml", 
    "lookup_table": [], 
    "proj": "EPSG:3643", 
    "arc_rest_instance_id": "uUvqNMGPm7axC2dD", 
    "utfurl": null, 
    "data_download": "https://nrimp.dfw.state.or.us/web%20stores/data%20libraries/files/ODFW/ODFW_806_5_wildlife_linkages_shp.zip", 
    "metadata": "http://services.arcgis.com/uUvqNMGPm7axC2dD/arcgis/rest/services/ODFW_WildlifeLinkages/FeatureServer/1", 
    "opacity": 0.5, 
    "vector_color": null, 
    "attribute_event": "click", 
    "description": "Wildlife Linkage Priorities", 
    "attribute_fields": [], 
    "arc_rest_out_fields": "TotalRank", 
    "vector_fill": null, 
    "arc_rest_data_layer": true, 
    "data_overview": null, 
    "slug_name": "odfw-wildlife-linkage-priorities", 
    "summarize_to_grid": false, 
    "lookup_field": null, 
    "legend": null, 
    "shareable_url": true, 
    "name": "ODFW Wildlife Linkage Priorities", 
    "data_source": "ODFW", 
    "data_notes": "The Oregon Department of Fish and Wildlife, under the Oregon Wildlife Movement Strategy and in partnership with other government agencies, has worked to produce this dataset of wildlife linkages, which are key movement areas for wildlife, emphasizing areas that cross paved roads. The primary goal of this dataset and its related attributes are to address the question: \"Where is the best place on the landscape to provide for animal movement needs that are essential to life history function?\" This data set prioritizes the wildlife linkage and breaks them out into contiguous areas based on the following criteria: 1). whether the area falls within a Conservation Opportunity Area 2). whether the area falls within Federal, State/County or Private ownership 3). whether the area contains multiple species' linkages 4). whether the area is designated by ODOT as a wildlife collision hotspot 5). whether the area has a medium or high threat value 6). and whether the area has a medium or high species value. More information, and a link to download this data, can be found at: https://nrimp.dfw.state.or.us/DataClearinghouse/default.aspx?p=202&XMLname=806.xml", 
    "compass_instance_id": "uUvqNMGPm7axC2dD", 
    "url": "/arcgis/uUvqNMGPm7axC2dD/arcgis/rest/services/ODFW_WildlifeLinkages/FeatureServer/1/query?geometry=%7B%22xmin%22%3A-13882776.537694%2C%22ymin%22%3A5140361.7152923%2C%22xmax%22%3A-12925173.44747%2C%22ymax%22%3A5825237.4886322%2C%22spatialReference%22%3A%7B%22wkid%22%3A102100%7D%7D&geometryType=esriGeometryEnvelope&spatialRel=esriSpatialRelIntersects&units=esriSRUnit_Meter&outFields=*&returnGeometry=true&f=pgeojson", 
    "proxy_url": false, 
    "arcgis_layers": "1", 
    "legend_title": null, 
    "sublayers": [], 
    "attribute_title": null, 
    "utfjsonp": false, 
    "layer_source": "featureserver", 
    "wms_slug": null
  }
},
{
  "pk": 470, 
  "model": "data_manager.layer", 
  "fields": {
    "layer_type": "Vector", 
    "arc_rest_service_name": "ODFW_WinterRanges", 
    "bookmark": null, 
    "themes": [], 
    "compass_service_name": "ODFW_WinterRanges", 
    "is_sublayer": false, 
    "compress_display": false, 
    "map_tiles": null, 
    "legend_subtitle": null, 
    "filterable": false, 
    "vector_graphic": null, 
    "kml": null, 
    "source": "https://nrimp.dfw.state.or.us/DataClearinghouse/default.aspx?p=202&XMLname=885.xml", 
    "lookup_table": [], 
    "proj": "EPSG:3643", 
    "arc_rest_instance_id": "uUvqNMGPm7axC2dD", 
    "utfurl": null, 
    "data_download": "https://nrimp.dfw.state.or.us/web%20stores/data%20libraries/files/ODFW/ODFW_885_5_eor_elkwr_odfw_2009_2012.zip", 
    "metadata": "http://services.arcgis.com/uUvqNMGPm7axC2dD/arcgis/rest/services/ODFW_WinterRanges/FeatureServer/0", 
    "opacity": 0.5, 
    "vector_color": null, 
    "attribute_event": "click", 
    "description": "Elk Winter Range", 
    "attribute_fields": [], 
    "arc_rest_out_fields": "CLASS_NAME, Shape_Leng", 
    "vector_fill": null, 
    "arc_rest_data_layer": true, 
    "data_overview": null, 
    "slug_name": "odfw-elk-winter-range", 
    "summarize_to_grid": false, 
    "lookup_field": null, 
    "legend": null, 
    "shareable_url": true, 
    "name": "ODFW Elk Winter Range", 
    "data_source": "Oregon Department of Fish and Wildlife", 
    "data_notes": "General outline of elk winter range for eastern Oregon, east of the crest of the Cascades. The Oregon Department of Fish and Wildlife considers Winter Range to be that area normally occupied by elk from December through April. The data were assembled in 2009 with updates for The Dalles District in 2012. More information can be found at: https://nrimp.dfw.state.or.us/DataClearinghouse/default.aspx?p=202&XMLname=885.xml", 
    "compass_instance_id": "uUvqNMGPm7axC2dD", 
    "url": "/arcgis/uUvqNMGPm7axC2dD/arcgis/rest/services/ODFW_WinterRanges/FeatureServer/0/query?geometry=%7B%22xmin%22%3A-13882776.537694%2C%22ymin%22%3A5140361.7152923%2C%22xmax%22%3A-12925173.44747%2C%22ymax%22%3A5825237.4886322%2C%22spatialReference%22%3A%7B%22wkid%22%3A102100%7D%7D&geometryType=esriGeometryEnvelope&spatialRel=esriSpatialRelIntersects&units=esriSRUnit_Meter&outFields=*&returnGeometry=true&f=pgeojson", 
    "proxy_url": false, 
    "arcgis_layers": "0", 
    "legend_title": null, 
    "sublayers": [], 
    "attribute_title": null, 
    "utfjsonp": false, 
    "layer_source": "featureserver", 
    "wms_slug": null
  }
},
{
  "pk": 471, 
  "model": "data_manager.layer", 
  "fields": {
    "layer_type": "Vector", 
    "arc_rest_service_name": "ODFW_WinterRanges", 
    "bookmark": null, 
    "themes": [], 
    "compass_service_name": "ODFW_WinterRanges", 
    "is_sublayer": false, 
    "compress_display": false, 
    "map_tiles": null, 
    "legend_subtitle": null, 
    "filterable": false, 
    "vector_graphic": null, 
    "kml": null, 
    "source": "https://nrimp.dfw.state.or.us/DataClearinghouse/default.aspx?p=202&XMLname=885.xml", 
    "lookup_table": [], 
    "proj": "EPSG:3643", 
    "arc_rest_instance_id": "uUvqNMGPm7axC2dD", 
    "utfurl": null, 
    "data_download": "https://nrimp.dfw.state.or.us/web%20stores/data%20libraries/files/ODFW/ODFW_885_5_eor_deerwr_odfw_2009_2012.zip", 
    "metadata": "http://services.arcgis.com/uUvqNMGPm7axC2dD/arcgis/rest/services/ODFW_WinterRanges/FeatureServer/1", 
    "opacity": 0.5, 
    "vector_color": null, 
    "attribute_event": "click", 
    "description": "Deer Winter Range", 
    "attribute_fields": [], 
    "arc_rest_out_fields": "FID_ODFW_D, CLASS_NAME, FID_ODFW_1, CLASS_NA_1, Shape_Leng", 
    "vector_fill": null, 
    "arc_rest_data_layer": true, 
    "data_overview": null, 
    "slug_name": "odfw-deer-winter-range", 
    "summarize_to_grid": false, 
    "lookup_field": null, 
    "legend": null, 
    "shareable_url": true, 
    "name": "ODFW Deer Winter Range", 
    "data_source": "ODFW", 
    "data_notes": "General outline of deer winter range for eastern Oregon, east of the crest of the Cascades. The Oregon Department of Fish and Wildlife considers Winter Range to be that area normally occupied by deer from December through April. The data were assembled in 2009 with updates for The Dalles District in 2012. More information can be found at: https://nrimp.dfw.state.or.us/DataClearinghouse/default.aspx?p=202&XMLname=885.xml", 
    "compass_instance_id": "uUvqNMGPm7axC2dD", 
    "url": "/arcgis/uUvqNMGPm7axC2dD/arcgis/rest/services/ODFW_WinterRanges/FeatureServer/1/query?geometry=%7B%22xmin%22%3A-13882776.537694%2C%22ymin%22%3A5140361.7152923%2C%22xmax%22%3A-12925173.44747%2C%22ymax%22%3A5825237.4886322%2C%22spatialReference%22%3A%7B%22wkid%22%3A102100%7D%7D&geometryType=esriGeometryEnvelope&spatialRel=esriSpatialRelIntersects&units=esriSRUnit_Meter&outFields=*&returnGeometry=true&f=pgeojson", 
    "proxy_url": false, 
    "arcgis_layers": "1", 
    "legend_title": null, 
    "sublayers": [], 
    "attribute_title": null, 
    "utfjsonp": false, 
    "layer_source": "featureserver", 
    "wms_slug": null
  }
},
{
  "pk": 472, 
  "model": "data_manager.layer", 
  "fields": {
    "layer_type": "Vector", 
    "arc_rest_service_name": "ODFW_Compass_Boundaries", 
    "bookmark": null, 
    "themes": [], 
    "compass_service_name": "ODFW_Compass_Boundaries", 
    "is_sublayer": false, 
    "compress_display": false, 
    "map_tiles": null, 
    "legend_subtitle": null, 
    "filterable": false, 
    "vector_graphic": null, 
    "kml": null, 
    "source": "https://nrimp.dfw.state.or.us/nrimp/default.aspx?pn=odfwgisdata", 
    "lookup_table": [], 
    "proj": "EPSG:3643", 
    "arc_rest_instance_id": "uUvqNMGPm7axC2dD", 
    "utfurl": null, 
    "data_download": "https://nrimp.dfw.state.or.us/web%20stores/nrimp/pub/gis/k100/shape/ODFW_Boundaries.zip", 
    "metadata": "http://services.arcgis.com/uUvqNMGPm7axC2dD/arcgis/rest/services/ODFW_Compass_Boundaries/FeatureServer/0", 
    "opacity": 0.5, 
    "vector_color": null, 
    "attribute_event": "click", 
    "description": "Watershed Districts", 
    "attribute_fields": [], 
    "arc_rest_out_fields": "H2O_DIST_O, H2O_DIST_N", 
    "vector_fill": null, 
    "arc_rest_data_layer": true, 
    "data_overview": null, 
    "slug_name": "odfw-watershed-districts", 
    "summarize_to_grid": false, 
    "lookup_field": null, 
    "legend": null, 
    "shareable_url": true, 
    "name": "ODFW Watershed Districts", 
    "data_source": "ODFW", 
    "data_notes": "ODFW watershed district boundaries. Attribute information also includes the city where the district office is located.", 
    "compass_instance_id": "uUvqNMGPm7axC2dD", 
    "url": "/arcgis/uUvqNMGPm7axC2dD/arcgis/rest/services/ODFW_Compass_Boundaries/FeatureServer/0/query?geometry=%7B%22xmin%22%3A-13882776.537694%2C%22ymin%22%3A5140361.7152923%2C%22xmax%22%3A-12925173.44747%2C%22ymax%22%3A5825237.4886322%2C%22spatialReference%22%3A%7B%22wkid%22%3A102100%7D%7D&geometryType=esriGeometryEnvelope&spatialRel=esriSpatialRelIntersects&units=esriSRUnit_Meter&outFields=*&returnGeometry=true&f=pgeojson", 
    "proxy_url": false, 
    "arcgis_layers": "0", 
    "legend_title": null, 
    "sublayers": [], 
    "attribute_title": null, 
    "utfjsonp": false, 
    "layer_source": "featureserver", 
    "wms_slug": null
  }
},
{
  "pk": 473, 
  "model": "data_manager.layer", 
  "fields": {
    "layer_type": "Vector", 
    "arc_rest_service_name": "ODFW_Compass_Boundaries", 
    "bookmark": null, 
    "themes": [], 
    "compass_service_name": "ODFW_Compass_Boundaries", 
    "is_sublayer": false, 
    "compress_display": false, 
    "map_tiles": null, 
    "legend_subtitle": null, 
    "filterable": false, 
    "vector_graphic": null, 
    "kml": null, 
    "source": "https://nrimp.dfw.state.or.us/DataClearinghouse/default.aspx?p=202&XMLname=805.xml", 
    "lookup_table": [], 
    "proj": "EPSG:3643", 
    "arc_rest_instance_id": "uUvqNMGPm7axC2dD", 
    "utfurl": null, 
    "data_download": "https://nrimp.dfw.state.or.us/web%20stores/data%20libraries/files/ODFW/ODFW_805_5_wildlife_mgmt_units.zip", 
    "metadata": "http://services.arcgis.com/uUvqNMGPm7axC2dD/arcgis/rest/services/ODFW_Compass_Boundaries/FeatureServer/1", 
    "opacity": 0.5, 
    "vector_color": null, 
    "attribute_event": "click", 
    "description": "ODFW Wildlife Management Units", 
    "attribute_fields": [], 
    "arc_rest_out_fields": "UNIT_NAME, Acres, GlobalID", 
    "vector_fill": null, 
    "arc_rest_data_layer": true, 
    "data_overview": null, 
    "slug_name": "odfw-wildlife-management-units", 
    "summarize_to_grid": false, 
    "lookup_field": null, 
    "legend": null, 
    "shareable_url": true, 
    "name": "ODFW Wildlife Management Units", 
    "data_source": "ODFW", 
    "data_notes": "ODFW wildlife management unit boundaries.", 
    "compass_instance_id": "uUvqNMGPm7axC2dD", 
    "url": "/arcgis/uUvqNMGPm7axC2dD/arcgis/rest/services/ODFW_Compass_Boundaries/FeatureServer/1/query?geometry=%7B%22xmin%22%3A-13882776.537694%2C%22ymin%22%3A5140361.7152923%2C%22xmax%22%3A-12925173.44747%2C%22ymax%22%3A5825237.4886322%2C%22spatialReference%22%3A%7B%22wkid%22%3A102100%7D%7D&geometryType=esriGeometryEnvelope&spatialRel=esriSpatialRelIntersects&units=esriSRUnit_Meter&outFields=*&returnGeometry=true&f=pgeojson", 
    "proxy_url": false, 
    "arcgis_layers": "1", 
    "legend_title": null, 
    "sublayers": [], 
    "attribute_title": null, 
    "utfjsonp": false, 
    "layer_source": "featureserver", 
    "wms_slug": null
  }
},
{
  "pk": 474, 
  "model": "data_manager.layer", 
  "fields": {
    "layer_type": "Vector", 
    "arc_rest_service_name": "ODFW_Compass_Boundaries", 
    "bookmark": null, 
    "themes": [], 
    "compass_service_name": "ODFW_Compass_Boundaries", 
    "is_sublayer": false, 
    "compress_display": false, 
    "map_tiles": null, 
    "legend_subtitle": null, 
    "filterable": false, 
    "vector_graphic": null, 
    "kml": null, 
    "source": "http://services.arcgis.com/uUvqNMGPm7axC2dD/arcgis/rest/services/ODFW_Compass_Boundaries/FeatureServer/3?f=pjson", 
    "lookup_table": [], 
    "proj": "EPSG:3643", 
    "arc_rest_instance_id": "uUvqNMGPm7axC2dD", 
    "utfurl": null, 
    "data_download": "", 
    "metadata": "http://services.arcgis.com/uUvqNMGPm7axC2dD/arcgis/rest/services/ODFW_Compass_Boundaries/FeatureServer/3", 
    "opacity": 0.5, 
    "vector_color": null, 
    "attribute_event": "click", 
    "description": "Oregon County Boundaries", 
    "attribute_fields": [], 
    "arc_rest_out_fields": "COUNTY_NAME", 
    "vector_fill": null, 
    "arc_rest_data_layer": true, 
    "data_overview": null, 
    "slug_name": "oregon-counties", 
    "summarize_to_grid": false, 
    "lookup_field": null, 
    "legend": null, 
    "shareable_url": true, 
    "name": "Oregon Counties", 
    "data_source": "ODFW", 
    "data_notes": "Provides county boundaries within Oregon.", 
    "compass_instance_id": "uUvqNMGPm7axC2dD", 
    "url": "/arcgis/uUvqNMGPm7axC2dD/arcgis/rest/services/ODFW_Compass_Boundaries/FeatureServer/3/query?geometry=%7B%22xmin%22%3A-13882776.537694%2C%22ymin%22%3A5140361.7152923%2C%22xmax%22%3A-12925173.44747%2C%22ymax%22%3A5825237.4886322%2C%22spatialReference%22%3A%7B%22wkid%22%3A102100%7D%7D&geometryType=esriGeometryEnvelope&spatialRel=esriSpatialRelIntersects&units=esriSRUnit_Meter&outFields=*&returnGeometry=true&f=pgeojson", 
    "proxy_url": false, 
    "arcgis_layers": "3", 
    "legend_title": null, 
    "sublayers": [], 
    "attribute_title": null, 
    "utfjsonp": false, 
    "layer_source": "featureserver", 
    "wms_slug": null
  }
},
{
  "pk": 475, 
  "model": "data_manager.layer", 
  "fields": {
    "layer_type": "ArcRest", 
    "arc_rest_service_name": "", 
    "bookmark": null, 
    "themes": [], 
    "compass_service_name": "", 
    "is_sublayer": false, 
    "compress_display": false, 
    "map_tiles": null, 
    "legend_subtitle": null, 
    "filterable": false, 
    "vector_graphic": null, 
    "kml": null, 
    "source": "", 
    "lookup_table": [], 
    "proj": "EPSG:3857", 
    "arc_rest_instance_id": "", 
    "utfurl": null, 
    "data_download": "", 
    "metadata": "http://wildfire.cr.usgs.gov/arcgis/rest/services/geomac_dyn/MapServer/0", 
    "opacity": 0.5, 
    "vector_color": null, 
    "attribute_event": "click", 
    "description": "", 
    "attribute_fields": [], 
    "arc_rest_out_fields": "*", 
    "vector_fill": null, 
    "arc_rest_data_layer": false, 
    "data_overview": null, 
    "slug_name": "geomac-fire-layers", 
    "summarize_to_grid": false, 
    "lookup_field": null, 
    "legend": null, 
    "shareable_url": true, 
    "name": "GeoMAC Fire Layers", 
    "data_source": "", 
    "data_notes": "", 
    "compass_instance_id": "", 
    "url": "http://wildfire.cr.usgs.gov/ArcGIS/rest/services/geomac_dyn/MapServer/export", 
    "proxy_url": false, 
    "arcgis_layers": "0, 1", 
    "legend_title": null, 
    "sublayers": [], 
    "attribute_title": null, 
    "utfjsonp": false, 
    "layer_source": null, 
    "wms_slug": null
  }
},
{
  "pk": 476, 
  "model": "data_manager.layer", 
  "fields": {
    "layer_type": "ArcRest", 
    "arc_rest_service_name": "", 
    "bookmark": null, 
    "themes": [], 
    "compass_service_name": "", 
    "is_sublayer": false, 
    "compress_display": false, 
    "map_tiles": null, 
    "legend_subtitle": null, 
    "filterable": false, 
    "vector_graphic": null, 
    "kml": null, 
    "source": "", 
    "lookup_table": [], 
    "proj": null, 
    "arc_rest_instance_id": "", 
    "utfurl": null, 
    "data_download": "", 
    "metadata": "http://navigator.state.or.us/ArcGIS/rest/services/Framework/Trans_GeneralMap_WM/MapServer/", 
    "opacity": 0.5, 
    "vector_color": null, 
    "attribute_event": "click", 
    "description": "", 
    "attribute_fields": [], 
    "arc_rest_out_fields": "*", 
    "vector_fill": null, 
    "arc_rest_data_layer": false, 
    "data_overview": null, 
    "slug_name": "odot-roads-and-transportation", 
    "summarize_to_grid": false, 
    "lookup_field": null, 
    "legend": null, 
    "shareable_url": true, 
    "name": "ODOT Roads and Transportation", 
    "data_source": "ODOT", 
    "data_notes": "", 
    "compass_instance_id": "", 
    "url": "http://navigator.state.or.us/ArcGIS/rest/services/Framework/Trans_GeneralMap_WM/MapServer/export", 
    "proxy_url": false, 
    "arcgis_layers": "0, 1, 3, 4", 
    "legend_title": null, 
    "sublayers": [], 
    "attribute_title": null, 
    "utfjsonp": false, 
    "layer_source": null, 
    "wms_slug": null
  }
},
{
  "pk": 477, 
  "model": "data_manager.layer", 
  "fields": {
    "layer_type": "XYZ", 
    "arc_rest_service_name": "", 
    "bookmark": null, 
    "themes": [], 
    "compass_service_name": "", 
    "is_sublayer": false, 
    "compress_display": false, 
    "map_tiles": null, 
    "legend_subtitle": null, 
    "filterable": false, 
    "vector_graphic": null, 
    "kml": null, 
    "source": "", 
    "lookup_table": [], 
    "proj": null, 
    "arc_rest_instance_id": "", 
    "utfurl": null, 
    "data_download": "", 
    "metadata": "", 
    "opacity": 0.5, 
    "vector_color": null, 
    "attribute_event": "click", 
    "description": "County Lines", 
    "attribute_fields": [], 
    "arc_rest_out_fields": "", 
    "vector_fill": null, 
    "arc_rest_data_layer": false, 
    "data_overview": null, 
    "slug_name": "counties", 
    "summarize_to_grid": false, 
    "lookup_field": null, 
    "legend": null, 
    "shareable_url": true, 
    "name": "Counties", 
    "data_source": "Ecotrust", 
    "data_notes": "", 
    "compass_instance_id": "", 
    "url": "http://tiles.ecotrust.org/tiles/LOT_counties/${z}/${x}/${y}.png", 
    "proxy_url": false, 
    "arcgis_layers": "", 
    "legend_title": null, 
    "sublayers": [], 
    "attribute_title": null, 
    "utfjsonp": false, 
    "layer_source": null, 
    "wms_slug": null
  }
},
{
  "pk": 478, 
  "model": "data_manager.layer", 
  "fields": {
    "layer_type": "Vector", 
    "arc_rest_service_name": "ODFW_2015_COA_webmap2", 
    "bookmark": null, 
    "themes": [], 
    "compass_service_name": "ODFW_2015_COA_webmap2", 
    "is_sublayer": false, 
    "compress_display": false, 
    "map_tiles": null, 
    "legend_subtitle": null, 
    "filterable": false, 
    "vector_graphic": null, 
    "kml": null, 
    "source": "http://services.arcgis.com/uUvqNMGPm7axC2dD/ArcGIS/rest/services/ODFW_DCOA_V2_webmap/FeatureServer/0?f=pjson", 
    "lookup_table": [], 
    "proj": "ESRI:102100", 
    "arc_rest_instance_id": "uUvqNMGPm7axC2dD", 
    "utfurl": null, 
    "data_download": "", 
    "metadata": "http://services.arcgis.com/uUvqNMGPm7axC2dD/ArcGIS/rest/services/ODFW_DCOA_V2_webmap/FeatureServer/0", 
    "opacity": 0.5, 
    "vector_color": null, 
    "attribute_event": "click", 
    "description": "Conservation Opportunity Areas v2", 
    "attribute_fields": [], 
    "arc_rest_out_fields": "COAName, OBJECTID, FIRST_ECOR, FIRST_EC_1, Area_sqMi", 
    "vector_fill": null, 
    "arc_rest_data_layer": true, 
    "data_overview": null, 
    "slug_name": "odfw-coas-v2", 
    "summarize_to_grid": false, 
    "lookup_field": null, 
    "legend": null, 
    "shareable_url": true, 
    "name": "ODFW COAs v2", 
    "data_source": "ODFW", 
    "data_notes": "Conservation Opportunity Areas were developed for the Oregon Conservation Strategy to help identify priority areas for conservation actions that directly benefit wildlife and habitats.", 
    "compass_instance_id": "uUvqNMGPm7axC2dD", 
    "url": "/arcgis/uUvqNMGPm7axC2dD/arcgis/rest/services/ODFW_2015_COA_webmap2/FeatureServer/0/query?geometry=%7B%22xmin%22%3A-13882776.537694%2C%22ymin%22%3A5140361.7152923%2C%22xmax%22%3A-12925173.44747%2C%22ymax%22%3A5825237.4886322%2C%22spatialReference%22%3A%7B%22wkid%22%3A102100%7D%7D&geometryType=esriGeometryEnvelope&spatialRel=esriSpatialRelIntersects&units=esriSRUnit_Meter&outFields=*&returnGeometry=true&f=pgeojson", 
    "proxy_url": false, 
    "arcgis_layers": "0", 
    "legend_title": null, 
    "sublayers": [], 
    "attribute_title": null, 
    "utfjsonp": false, 
    "layer_source": "featureserver", 
    "wms_slug": null
  }
},
{
  "pk": 138, 
  "model": "data_manager.attributeinfo", 
  "fields": {
    "field_name": "count", 
    "display_name": "Count", 
    "precision": null, 
    "order": 1
  }
},
{
  "pk": 139, 
  "model": "data_manager.attributeinfo", 
  "fields": {
    "field_name": "categories", 
    "display_name": "Categories", 
    "precision": null, 
    "order": 2
  }
},
{
  "pk": 168, 
  "model": "data_manager.attributeinfo", 
  "fields": {
    "field_name": "Snorker/freediving from vessel", 
    "display_name": "Snorkel / Freediving from Vessel", 
    "precision": null, 
    "order": 1
  }
},
{
  "pk": 169, 
  "model": "data_manager.attributeinfo", 
  "fields": {
    "field_name": "Watersports", 
    "display_name": "Watersports", 
    "precision": null, 
    "order": 2
  }
},
{
  "pk": 170, 
  "model": "data_manager.attributeinfo", 
  "fields": {
    "field_name": "NAME", 
    "display_name": "", 
    "precision": null, 
    "order": 1
  }
},
{
  "pk": 171, 
  "model": "data_manager.attributeinfo", 
  "fields": {
    "field_name": "NAME", 
    "display_name": "Name", 
    "precision": null, 
    "order": 2
  }
},
{
  "pk": 1, 
  "model": "data_manager.lookupinfo", 
  "fields": {
    "color": "#330000", 
    "dashstyle": "solid", 
    "graphic": "", 
    "value": "1", 
    "fill": true
  }
},
{
  "pk": 2, 
  "model": "data_manager.lookupinfo", 
  "fields": {
    "color": "#550000", 
    "dashstyle": "solid", 
    "graphic": "", 
    "value": "2", 
    "fill": true
  }
},
{
  "pk": 3, 
  "model": "data_manager.lookupinfo", 
  "fields": {
    "color": "#770000", 
    "dashstyle": "solid", 
    "graphic": "", 
    "value": "3", 
    "fill": true
  }
},
{
  "pk": 4, 
  "model": "data_manager.lookupinfo", 
  "fields": {
    "color": "#990000", 
    "dashstyle": "solid", 
    "graphic": "", 
    "value": "4", 
    "fill": true
  }
},
{
  "pk": 5, 
  "model": "data_manager.lookupinfo", 
  "fields": {
    "color": "#bb0000", 
    "dashstyle": "solid", 
    "graphic": "", 
    "value": "5", 
    "fill": true
  }
},
{
  "pk": 6, 
  "model": "data_manager.lookupinfo", 
  "fields": {
    "color": "#dd0000", 
    "dashstyle": "solid", 
    "graphic": "", 
    "value": "6", 
    "fill": true
  }
}
]
